Time,THERMAL ZONE 1:BEIJING ANN HTG 99.6% CONDNS DB:Des Heat Load [W],THERMAL ZONE 1:BEIJING ANN CLG .4% CONDNS DB=>MWB:Des Sens Cool Load [W],THERMAL ZONE 1:BEIJING ANN HTG 99.6% CONDNS DB:Des Heat Mass Flow [kg/s],THERMAL ZONE 1:BEIJING ANN CLG .4% CONDNS DB=>MWB:Des Cool Mass Flow [kg/s],THERMAL ZONE 1::Des Latent Heat Load [W],THERMAL ZONE 1::Des Latent Cool Load [W],THERMAL ZONE 1::Des Latent Heat Mass Flow [kg/s],THERMAL ZONE 1::Des Latent Cool Mass Flow [kg/s],THERMAL ZONE 1::Des Heat Load No DOAS [W],THERMAL ZONE 1::Des Sens Cool Load No DOAS [W],THERMAL ZONE 1::Des Latent Heat Load No DOAS [W],THERMAL ZONE 1::Des Latent Cool Load No DOAS [W],THERMAL ZONE 1:BEIJING ANN HTG 99.6% CONDNS DB:Heating Zone Temperature [C],THERMAL ZONE 1:BEIJING ANN HTG 99.6% CONDNS DB:Heating Zone Relative Humidity [%],THERMAL ZONE 1:BEIJING ANN CLG .4% CONDNS DB=>MWB:Cooling Zone Temperature [C],THERMAL ZONE 1:BEIJING ANN CLG .4% CONDNS DB=>MWB:Cooling Zone Relative Humidity [%],THERMAL ZONE 2:BEIJING ANN HTG 99.6% CONDNS DB:Des Heat Load [W],THERMAL ZONE 2:BEIJING ANN CLG .4% CONDNS DB=>MWB:Des Sens Cool Load [W],THERMAL ZONE 2:BEIJING ANN HTG 99.6% CONDNS DB:Des Heat Mass Flow [kg/s],THERMAL ZONE 2:BEIJING ANN CLG .4% CONDNS DB=>MWB:Des Cool Mass Flow [kg/s],THERMAL ZONE 2::Des Latent Heat Load [W],THERMAL ZONE 2::Des Latent Cool Load [W],THERMAL ZONE 2::Des Latent Heat Mass Flow [kg/s],THERMAL ZONE 2::Des Latent Cool Mass Flow [kg/s],THERMAL ZONE 2::Des Heat Load No DOAS [W],THERMAL ZONE 2::Des Sens Cool Load No DOAS [W],THERMAL ZONE 2::Des Latent Heat Load No DOAS [W],THERMAL ZONE 2::Des Latent Cool Load No DOAS [W],THERMAL ZONE 2:BEIJING ANN HTG 99.6% CONDNS DB:Heating Zone Temperature [C],THERMAL ZONE 2:BEIJING ANN HTG 99.6% CONDNS DB:Heating Zone Relative Humidity [%],THERMAL ZONE 2:BEIJING ANN CLG .4% CONDNS DB=>MWB:Cooling Zone Temperature [C],THERMAL ZONE 2:BEIJING ANN CLG .4% CONDNS DB=>MWB:Cooling Zone Relative Humidity [%],THERMAL ZONE 3:BEIJING ANN HTG 99.6% CONDNS DB:Des Heat Load [W],THERMAL ZONE 3:BEIJING ANN CLG .4% CONDNS DB=>MWB:Des Sens Cool Load [W],THERMAL ZONE 3:BEIJING ANN HTG 99.6% CONDNS DB:Des Heat Mass Flow [kg/s],THERMAL ZONE 3:BEIJING ANN CLG .4% CONDNS DB=>MWB:Des Cool Mass Flow [kg/s],THERMAL ZONE 3::Des Latent Heat Load [W],THERMAL ZONE 3::Des Latent Cool Load [W],THERMAL ZONE 3::Des Latent Heat Mass Flow [kg/s],THERMAL ZONE 3::Des Latent Cool Mass Flow [kg/s],THERMAL ZONE 3::Des Heat Load No DOAS [W],THERMAL ZONE 3::Des Sens Cool Load No DOAS [W],THERMAL ZONE 3::Des Latent Heat Load No DOAS [W],THERMAL ZONE 3::Des Latent Cool Load No DOAS [W],THERMAL ZONE 3:BEIJING ANN HTG 99.6% CONDNS DB:Heating Zone Temperature [C],THERMAL ZONE 3:BEIJING ANN HTG 99.6% CONDNS DB:Heating Zone Relative Humidity [%],THERMAL ZONE 3:BEIJING ANN CLG .4% CONDNS DB=>MWB:Cooling Zone Temperature [C],THERMAL ZONE 3:BEIJING ANN CLG .4% CONDNS DB=>MWB:Cooling Zone Relative Humidity [%],THERMAL ZONE 4:BEIJING ANN HTG 99.6% CONDNS DB:Des Heat Load [W],THERMAL ZONE 4:BEIJING ANN CLG .4% CONDNS WB=>MDB:Des Sens Cool Load [W],THERMAL ZONE 4:BEIJING ANN HTG 99.6% CONDNS DB:Des Heat Mass Flow [kg/s],THERMAL ZONE 4:BEIJING ANN CLG .4% CONDNS WB=>MDB:Des Cool Mass Flow [kg/s],THERMAL ZONE 4::Des Latent Heat Load [W],THERMAL ZONE 4::Des Latent Cool Load [W],THERMAL ZONE 4::Des Latent Heat Mass Flow [kg/s],THERMAL ZONE 4::Des Latent Cool Mass Flow [kg/s],THERMAL ZONE 4::Des Heat Load No DOAS [W],THERMAL ZONE 4::Des Sens Cool Load No DOAS [W],THERMAL ZONE 4::Des Latent Heat Load No DOAS [W],THERMAL ZONE 4::Des Latent Cool Load No DOAS [W],THERMAL ZONE 4:BEIJING ANN HTG 99.6% CONDNS DB:Heating Zone Temperature [C],THERMAL ZONE 4:BEIJING ANN HTG 99.6% CONDNS DB:Heating Zone Relative Humidity [%],THERMAL ZONE 4:BEIJING ANN CLG .4% CONDNS WB=>MDB:Cooling Zone Temperature [C],THERMAL ZONE 4:BEIJING ANN CLG .4% CONDNS WB=>MDB:Cooling Zone Relative Humidity [%],THERMAL ZONE 5:BEIJING ANN HTG 99.6% CONDNS DB:Des Heat Load [W],THERMAL ZONE 5:BEIJING ANN CLG .4% CONDNS WB=>MDB:Des Sens Cool Load [W],THERMAL ZONE 5:BEIJING ANN HTG 99.6% CONDNS DB:Des Heat Mass Flow [kg/s],THERMAL ZONE 5:BEIJING ANN CLG .4% CONDNS WB=>MDB:Des Cool Mass Flow [kg/s],THERMAL ZONE 5::Des Latent Heat Load [W],THERMAL ZONE 5::Des Latent Cool Load [W],THERMAL ZONE 5::Des Latent Heat Mass Flow [kg/s],THERMAL ZONE 5::Des Latent Cool Mass Flow [kg/s],THERMAL ZONE 5::Des Heat Load No DOAS [W],THERMAL ZONE 5::Des Sens Cool Load No DOAS [W],THERMAL ZONE 5::Des Latent Heat Load No DOAS [W],THERMAL ZONE 5::Des Latent Cool Load No DOAS [W],THERMAL ZONE 5:BEIJING ANN HTG 99.6% CONDNS DB:Heating Zone Temperature [C],THERMAL ZONE 5:BEIJING ANN HTG 99.6% CONDNS DB:Heating Zone Relative Humidity [%],THERMAL ZONE 5:BEIJING ANN CLG .4% CONDNS WB=>MDB:Cooling Zone Temperature [C],THERMAL ZONE 5:BEIJING ANN CLG .4% CONDNS WB=>MDB:Cooling Zone Relative Humidity [%]
01:00:00,4.058123E+03,3.411132E+03,3.057768E-01,1.673055E+00,0.000000E+00,0.000000E+00,0.000000E+00,0.000000E+00,0.000000E+00,0.000000E+00,0.000000E+00,0.000000E+00,1.698503E+01,5.537527E+01,1.799763E+01,6.688327E+01,6.887768E+03,4.390938E+03,4.498749E-01,2.153100E+00,0.000000E+00,0.000000E+00,0.000000E+00,0.000000E+00,0.000000E+00,0.000000E+00,0.000000E+00,0.000000E+00,1.698555E+01,5.585224E+01,1.799811E+01,6.694218E+01,2.397264E+03,2.335625E+03,2.134559E-01,5.726697E-01,0.000000E+00,0.000000E+00,0.000000E+00,0.000000E+00,0.000000E+00,0.000000E+00,0.000000E+00,0.000000E+00,1.698637E+01,5.808048E+01,1.799600E+01,6.728192E+01,1.675197E+03,9.111506E+02,1.823125E-01,1.324980E+01,0.000000E+00,0.000000E+00,0.000000E+00,0.000000E+00,0.000000E+00,0.000000E+00,0.000000E+00,0.000000E+00,1.698902E+01,5.758069E+01,1.806414E+01,6.581227E+01,1.279835E+03,8.110256E+02,1.393249E-01,1.448093E+01,0.000000E+00,0.000000E+00,0.000000E+00,0.000000E+00,0.000000E+00,0.000000E+00,0.000000E+00,0.000000E+00,1.699160E+01,5.846197E+01,1.805251E+01,6.580536E+01
02:00:00,4.058573E+03,3.306137E+03,3.058094E-01,1.621328E+00,0.000000E+00,0.000000E+00,0.000000E+00,0.000000E+00,0.000000E+00,0.000000E+00,0.000000E+00,0.000000E+00,1.698497E+01,5.537561E+01,1.799791E+01,6.687856E+01,6.888465E+03,4.221616E+03,4.499190E-01,2.069809E+00,0.000000E+00,0.000000E+00,0.000000E+00,0.000000E+00,0.000000E+00,0.000000E+00,0.000000E+00,0.000000E+00,1.698550E+01,5.585517E+01,1.799837E+01,6.694846E+01,2.397485E+03,2.277886E+03,2.134741E-01,5.584539E-01,0.000000E+00,0.000000E+00,0.000000E+00,0.000000E+00,0.000000E+00,0.000000E+00,0.000000E+00,0.000000E+00,1.698630E+01,5.808540E+01,1.799643E+01,6.727382E+01,1.675382E+03,8.641472E+02,1.823316E-01,1.273082E+01,0.000000E+00,0.000000E+00,0.000000E+00,0.000000E+00,0.000000E+00,0.000000E+00,0.000000E+00,0.000000E+00,1.698897E+01,5.758477E+01,1.806297E+01,6.581800E+01,1.279994E+03,7.715398E+02,1.393417E-01,1.392620E+01,0.000000E+00,0.000000E+00,0.000000E+00,0.000000E+00,0.000000E+00,0.000000E+00,0.000000E+00,0.000000E+00,1.699156E+01,5.846175E+01,1.805172E+01,6.580786E+01
03:00:00,4.058963E+03,3.225946E+03,3.058384E-01,1.581830E+00,0.000000E+00,0.000000E+00,0.000000E+00,0.000000E+00,0.000000E+00,0.000000E+00,0.000000E+00,0.000000E+00,1.698495E+01,5.538257E+01,1.799813E+01,6.689944E+01,6.889058E+03,4.090231E+03,4.499574E-01,2.005208E+00,0.000000E+00,0.000000E+00,0.000000E+00,0.000000E+00,0.000000E+00,0.000000E+00,0.000000E+00,0.000000E+00,1.698549E+01,5.586130E+01,1.799855E+01,6.697942E+01,2.397675E+03,2.234314E+03,2.134905E-01,5.477308E-01,0.000000E+00,0.000000E+00,0.000000E+00,0.000000E+00,0.000000E+00,0.000000E+00,0.000000E+00,0.000000E+00,1.698627E+01,5.808738E+01,1.799672E+01,6.729560E+01,1.675542E+03,8.279647E+02,1.823486E-01,1.237094E+01,0.000000E+00,0.000000E+00,0.000000E+00,0.000000E+00,0.000000E+00,0.000000E+00,0.000000E+00,0.000000E+00,1.698895E+01,5.758835E+01,1.806181E+01,6.582174E+01,1.280130E+03,7.412656E+02,1.393563E-01,1.353737E+01,0.000000E+00,0.000000E+00,0.000000E+00,0.000000E+00,0.000000E+00,0.000000E+00,0.000000E+00,0.000000E+00,1.699155E+01,5.846723E+01,1.805093E+01,6.581048E+01
04:00:00,4.059310E+03,3.154236E+03,3.058645E-01,1.546545E+00,0.000000E+00,0.000000E+00,0.000000E+00,0.000000E+00,0.000000E+00,0.000000E+00,0.000000E+00,0.000000E+00,1.698495E+01,5.538411E+01,1.799829E+01,6.692363E+01,6.889574E+03,3.972582E+03,4.499912E-01,1.947411E+00,0.000000E+00,0.000000E+00,0.000000E+00,0.000000E+00,0.000000E+00,0.000000E+00,0.000000E+00,0.000000E+00,1.698549E+01,5.586214E+01,1.799868E+01,6.701299E+01,2.397841E+03,2.195808E+03,2.135051E-01,5.382649E-01,0.000000E+00,0.000000E+00,0.000000E+00,0.000000E+00,0.000000E+00,0.000000E+00,0.000000E+00,0.000000E+00,1.698626E+01,5.808747E+01,1.799692E+01,6.732193E+01,1.675683E+03,7.955620E+02,1.823639E-01,1.206202E+01,0.000000E+00,0.000000E+00,0.000000E+00,0.000000E+00,0.000000E+00,0.000000E+00,0.000000E+00,0.000000E+00,1.698894E+01,5.758875E+01,1.806066E+01,6.582530E+01,1.280251E+03,7.144459E+02,1.393694E-01,1.320823E+01,0.000000E+00,0.000000E+00,0.000000E+00,0.000000E+00,0.000000E+00,0.000000E+00,0.000000E+00,0.000000E+00,1.699155E+01,5.846861E+01,1.805015E+01,6.581303E+01
05:00:00,4.059623E+03,3.095251E+03,3.058881E-01,1.517538E+00,0.000000E+00,0.000000E+00,0.000000E+00,0.000000E+00,0.000000E+00,0.000000E+00,0.000000E+00,0.000000E+00,1.698495E+01,5.538397E+01,1.799840E+01,6.694544E+01,6.890032E+03,3.873050E+03,4.500211E-01,1.898542E+00,0.000000E+00,0.000000E+00,0.000000E+00,0.000000E+00,0.000000E+00,0.000000E+00,0.000000E+00,0.000000E+00,1.698550E+01,5.586198E+01,1.799876E+01,6.704394E+01,2.397988E+03,2.164944E+03,2.135182E-01,5.306833E-01,0.000000E+00,0.000000E+00,0.000000E+00,0.000000E+00,0.000000E+00,0.000000E+00,0.000000E+00,0.000000E+00,1.698626E+01,5.808780E+01,1.799704E+01,6.734529E+01,1.675809E+03,7.683137E+02,1.823776E-01,1.182940E+01,0.000000E+00,0.000000E+00,0.000000E+00,0.000000E+00,0.000000E+00,0.000000E+00,0.000000E+00,0.000000E+00,1.698894E+01,5.758897E+01,1.805952E+01,6.582830E+01,1.280358E+03,6.916587E+02,1.393811E-01,1.295171E+01,0.000000E+00,0.000000E+00,0.000000E+00,0.000000E+00,0.000000E+00,0.000000E+00,0.000000E+00,0.000000E+00,1.699155E+01,5.846856E+01,1.804937E+01,6.581520E+01
06:00:00,4.059908E+03,3.085043E+03,3.059096E-01,1.512474E+00,0.000000E+00,0.000000E+00,0.000000E+00,0.000000E+00,0.000000E+00,0.000000E+00,0.000000E+00,0.000000E+00,1.698495E+01,5.538444E+01,1.799848E+01,6.696413E+01,6.890445E+03,3.854425E+03,4.500481E-01,1.889364E+00,0.000000E+00,0.000000E+00,0.000000E+00,0.000000E+00,0.000000E+00,0.000000E+00,0.000000E+00,0.000000E+00,1.698550E+01,5.586245E+01,1.799881E+01,6.707155E+01,2.398122E+03,2.166876E+03,2.135300E-01,5.311476E-01,0.000000E+00,0.000000E+00,0.000000E+00,0.000000E+00,0.000000E+00,0.000000E+00,0.000000E+00,0.000000E+00,1.698626E+01,5.808828E+01,1.799711E+01,6.736462E+01,1.675923E+03,7.593168E+02,1.823900E-01,1.190813E+01,0.000000E+00,0.000000E+00,0.000000E+00,0.000000E+00,0.000000E+00,0.000000E+00,0.000000E+00,0.000000E+00,1.698894E+01,5.758953E+01,1.805841E+01,6.583200E+01,1.280455E+03,6.829106E+02,1.393917E-01,1.298002E+01,0.000000E+00,0.000000E+00,0.000000E+00,0.000000E+00,0.000000E+00,0.000000E+00,0.000000E+00,0.000000E+00,1.699155E+01,5.846893E+01,1.804861E+01,6.581788E+01
07:00:00,2.420597E+03,5.296845E+03,1.823893E-01,2.596769E+00,0.000000E+00,0.000000E+00,0.000000E+00,0.000000E+00,0.000000E+00,0.000000E+00,0.000000E+00,0.000000E+00,1.698495E+01,5.538517E+01,1.799853E+01,6.696771E+01,4.611101E+03,7.053886E+03,3.011731E-01,3.457635E+00,0.000000E+00,0.000000E+00,0.000000E+00,0.000000E+00,0.000000E+00,0.000000E+00,0.000000E+00,0.000000E+00,1.698550E+01,5.586307E+01,1.799883E+01,6.707765E+01,1.591027E+03,3.036711E+03,1.416659E-01,7.443578E-01,0.000000E+00,0.000000E+00,0.000000E+00,0.000000E+00,0.000000E+00,0.000000E+00,0.000000E+00,0.000000E+00,1.698626E+01,5.808869E+01,1.799713E+01,6.736407E+01,9.370985E+02,1.742526E+03,1.019840E-01,3.058606E+01,0.000000E+00,0.000000E+00,0.000000E+00,0.000000E+00,0.000000E+00,0.000000E+00,0.000000E+00,0.000000E+00,1.698894E+01,5.759009E+01,1.805733E+01,6.583864E+01,7.839563E+02,9.496529E+02,8.534227E-02,1.937837E+01,0.000000E+00,0.000000E+00,0.000000E+00,0.000000E+00,0.000000E+00,0.000000E+00,0.000000E+00,0.000000E+00,1.699155E+01,5.846953E+01,1.804786E+01,6.582269E+01
08:00:00,2.420180E+03,5.737128E+03,1.824132E-01,2.812860E+00,0.000000E+00,0.000000E+00,0.000000E+00,0.000000E+00,0.000000E+00,0.000000E+00,0.000000E+00,0.000000E+00,1.698890E+01,5.901026E+01,1.799836E+01,6.741678E+01,4.610748E+03,7.999862E+03,3.012119E-01,3.921736E+00,0.000000E+00,0.000000E+00,0.000000E+00,0.000000E+00,0.000000E+00,0.000000E+00,0.000000E+00,0.000000E+00,1.698858E+01,5.995142E+01,1.799862E+01,6.746572E+01,1.590934E+03,3.455326E+03,1.416892E-01,8.470426E-01,0.000000E+00,0.000000E+00,0.000000E+00,0.000000E+00,0.000000E+00,0.000000E+00,0.000000E+00,0.000000E+00,1.698872E+01,6.175354E+01,1.799678E+01,6.797952E+01,9.369969E+02,1.919340E+03,1.020075E-01,3.401105E+01,0.000000E+00,0.000000E+00,0.000000E+00,0.000000E+00,0.000000E+00,0.000000E+00,0.000000E+00,0.000000E+00,1.699199E+01,6.061019E+01,1.805692E+01,6.575994E+01,7.838970E+02,1.109557E+03,8.535603E-02,2.302416E+01,0.000000E+00,0.000000E+00,0.000000E+00,0.000000E+00,0.000000E+00,0.000000E+00,0.000000E+00,0.000000E+00,1.699368E+01,6.123304E+01,1.804738E+01,6.576707E+01
09:00:00,2.419828E+03,6.050602E+03,1.824352E-01,2.967024E+00,0.000000E+00,0.000000E+00,0.000000E+00,0.000000E+00,0.000000E+00,0.000000E+00,0.000000E+00,0.000000E+00,1.699236E+01,6.113880E+01,1.799804E+01,6.733706E+01,4.610047E+03,8.731094E+03,3.012445E-01,4.280897E+00,0.000000E+00,0.000000E+00,0.000000E+00,0.000000E+00,0.000000E+00,0.000000E+00,0.000000E+00,0.000000E+00,1.699248E+01,6.202201E+01,1.799830E+01,6.731589E+01,1.590747E+03,3.839674E+03,1.417221E-01,9.414359E-01,0.000000E+00,0.000000E+00,0.000000E+00,0.000000E+00,0.000000E+00,0.000000E+00,0.000000E+00,0.000000E+00,1.699256E+01,6.309059E+01,1.799605E+01,6.779828E+01,9.368996E+02,2.037783E+03,1.020262E-01,3.642428E+01,0.000000E+00,0.000000E+00,0.000000E+00,0.000000E+00,0.000000E+00,0.000000E+00,0.000000E+00,0.000000E+00,1.699458E+01,6.213004E+01,1.805650E+01,6.575783E+01,7.838176E+02,1.216144E+03,8.536665E-02,2.557304E+01,0.000000E+00,0.000000E+00,0.000000E+00,0.000000E+00,0.000000E+00,0.000000E+00,0.000000E+00,0.000000E+00,1.699571E+01,6.281752E+01,1.804693E+01,6.576642E+01
10:00:00,2.419355E+03,6.236894E+03,1.824320E-01,3.058737E+00,0.000000E+00,0.000000E+00,0.000000E+00,0.000000E+00,0.000000E+00,0.000000E+00,0.000000E+00,0.000000E+00,1.699468E+01,6.132111E+01,1.799781E+01,6.724964E+01,4.609144E+03,9.082196E+03,3.012363E-01,4.453523E+00,0.000000E+00,0.000000E+00,0.000000E+00,0.000000E+00,0.000000E+00,0.000000E+00,0.000000E+00,0.000000E+00,1.699501E+01,6.203203E+01,1.799809E+01,6.718633E+01,1.590543E+03,4.052924E+03,1.417348E-01,9.938316E-01,0.000000E+00,0.000000E+00,0.000000E+00,0.000000E+00,0.000000E+00,0.000000E+00,0.000000E+00,0.000000E+00,1.699496E+01,6.290391E+01,1.799561E+01,6.758791E+01,9.367329E+02,2.098755E+03,1.020261E-01,3.781161E+01,0.000000E+00,0.000000E+00,0.000000E+00,0.000000E+00,0.000000E+00,0.000000E+00,0.000000E+00,0.000000E+00,1.699617E+01,6.213214E+01,1.805610E+01,6.575877E+01,7.836763E+02,1.270751E+03,8.536434E-02,2.701765E+01,0.000000E+00,0.000000E+00,0.000000E+00,0.000000E+00,0.000000E+00,0.000000E+00,0.000000E+00,0.000000E+00,1.699709E+01,6.293179E+01,1.804650E+01,6.576830E+01
11:00:00,2.419026E+03,6.308843E+03,1.824169E-01,3.094276E+00,0.000000E+00,0.000000E+00,0.000000E+00,0.000000E+00,0.000000E+00,0.000000E+00,0.000000E+00,0.000000E+00,1.699536E+01,6.103859E+01,1.799764E+01,6.721224E+01,4.608359E+03,9.113806E+03,3.011971E-01,4.469309E+00,0.000000E+00,0.000000E+00,0.000000E+00,0.000000E+00,0.000000E+00,0.000000E+00,0.000000E+00,0.000000E+00,1.699562E+01,6.174069E+01,1.799796E+01,6.713916E+01,1.590359E+03,4.110588E+03,1.417270E-01,1.008021E+00,0.000000E+00,0.000000E+00,0.000000E+00,0.000000E+00,0.000000E+00,0.000000E+00,0.000000E+00,0.000000E+00,1.699562E+01,6.273760E+01,1.799541E+01,6.750227E+01,9.365901E+02,2.109714E+03,1.020157E-01,3.828561E+01,0.000000E+00,0.000000E+00,0.000000E+00,0.000000E+00,0.000000E+00,0.000000E+00,0.000000E+00,0.000000E+00,1.699663E+01,6.191848E+01,1.805570E+01,6.575867E+01,7.835511E+02,1.280037E+03,8.535477E-02,2.747397E+01,0.000000E+00,0.000000E+00,0.000000E+00,0.000000E+00,0.000000E+00,0.000000E+00,0.000000E+00,0.000000E+00,1.699752E+01,6.271821E+01,1.804608E+01,6.576883E+01
12:00:00,2.418818E+03,6.269783E+03,1.824007E-01,3.075307E+00,0.000000E+00,0.000000E+00,0.000000E+00,0.000000E+00,0.000000E+00,0.000000E+00,0.000000E+00,0.000000E+00,1.699533E+01,6.095738E+01,1.799752E+01,6.719812E+01,4.607812E+03,8.871128E+03,3.011597E-01,4.350483E+00,0.000000E+00,0.000000E+00,0.000000E+00,0.000000E+00,0.000000E+00,0.000000E+00,0.000000E+00,0.000000E+00,1.699553E+01,6.170637E+01,1.799788E+01,6.713504E+01,1.590234E+03,4.024884E+03,1.417169E-01,9.870247E-01,0.000000E+00,0.000000E+00,0.000000E+00,0.000000E+00,0.000000E+00,0.000000E+00,0.000000E+00,0.000000E+00,1.699571E+01,6.276474E+01,1.799533E+01,6.748112E+01,9.364889E+02,2.082934E+03,1.020048E-01,3.805562E+01,0.000000E+00,0.000000E+00,0.000000E+00,0.000000E+00,0.000000E+00,0.000000E+00,0.000000E+00,0.000000E+00,1.699664E+01,6.189487E+01,1.805531E+01,6.575948E+01,7.834602E+02,1.255313E+03,8.534487E-02,2.717067E+01,0.000000E+00,0.000000E+00,0.000000E+00,0.000000E+00,0.000000E+00,0.000000E+00,0.000000E+00,0.000000E+00,1.699752E+01,6.266344E+01,1.804568E+01,6.576997E+01
13:00:00,2.418727E+03,6.235056E+03,1.823930E-01,3.058418E+00,0.000000E+00,0.000000E+00,0.000000E+00,0.000000E+00,0.000000E+00,0.000000E+00,0.000000E+00,0.000000E+00,1.699527E+01,6.100438E+01,1.799743E+01,6.720535E+01,4.607532E+03,8.645176E+03,3.011405E-01,4.239794E+00,0.000000E+00,0.000000E+00,0.000000E+00,0.000000E+00,0.000000E+00,0.000000E+00,0.000000E+00,0.000000E+00,1.699549E+01,6.176324E+01,1.799782E+01,6.716668E+01,1.590177E+03,3.934398E+03,1.417125E-01,9.648417E-01,0.000000E+00,0.000000E+00,0.000000E+00,0.000000E+00,0.000000E+00,0.000000E+00,0.000000E+00,0.000000E+00,1.699576E+01,6.279735E+01,1.799530E+01,6.751163E+01,9.364387E+02,2.060095E+03,1.019992E-01,3.789174E+01,0.000000E+00,0.000000E+00,0.000000E+00,0.000000E+00,0.000000E+00,0.000000E+00,0.000000E+00,0.000000E+00,1.699663E+01,6.193666E+01,1.805492E+01,6.576138E+01,7.834125E+02,1.234381E+03,8.533941E-02,2.694364E+01,0.000000E+00,0.000000E+00,0.000000E+00,0.000000E+00,0.000000E+00,0.000000E+00,0.000000E+00,0.000000E+00,1.699749E+01,6.270036E+01,1.804527E+01,6.577191E+01
14:00:00,2.418725E+03,6.404745E+03,1.823931E-01,3.141784E+00,0.000000E+00,0.000000E+00,0.000000E+00,0.000000E+00,0.000000E+00,0.000000E+00,0.000000E+00,0.000000E+00,1.699529E+01,6.103735E+01,1.799734E+01,6.721273E+01,4.607438E+03,8.840000E+03,3.011350E-01,4.335458E+00,0.000000E+00,0.000000E+00,0.000000E+00,0.000000E+00,0.000000E+00,0.000000E+00,0.000000E+00,0.000000E+00,1.699552E+01,6.178426E+01,1.799776E+01,6.719904E+01,1.590168E+03,4.113945E+03,1.417123E-01,1.008882E+00,0.000000E+00,0.000000E+00,0.000000E+00,0.000000E+00,0.000000E+00,0.000000E+00,0.000000E+00,0.000000E+00,1.699581E+01,6.279743E+01,1.799526E+01,6.754774E+01,9.364276E+02,2.088964E+03,1.019982E-01,3.869339E+01,0.000000E+00,0.000000E+00,0.000000E+00,0.000000E+00,0.000000E+00,0.000000E+00,0.000000E+00,0.000000E+00,1.699665E+01,6.195157E+01,1.805453E+01,6.576316E+01,7.833990E+02,1.261611E+03,8.533804E-02,2.779870E+01,0.000000E+00,0.000000E+00,0.000000E+00,0.000000E+00,0.000000E+00,0.000000E+00,0.000000E+00,0.000000E+00,1.699750E+01,6.272355E+01,1.804487E+01,6.577376E+01
15:00:00,2.418774E+03,6.645370E+03,1.823972E-01,3.259960E+00,0.000000E+00,0.000000E+00,0.000000E+00,0.000000E+00,0.000000E+00,0.000000E+00,0.000000E+00,0.000000E+00,1.699531E+01,6.103761E+01,1.799726E+01,6.718066E+01,4.607447E+03,9.196835E+03,3.011360E-01,4.510621E+00,0.000000E+00,0.000000E+00,0.000000E+00,0.000000E+00,0.000000E+00,0.000000E+00,0.000000E+00,0.000000E+00,1.699555E+01,6.177850E+01,1.799769E+01,6.717330E+01,1.590187E+03,4.427152E+03,1.417141E-01,1.085723E+00,0.000000E+00,0.000000E+00,0.000000E+00,0.000000E+00,0.000000E+00,0.000000E+00,0.000000E+00,0.000000E+00,1.699582E+01,6.279254E+01,1.799514E+01,6.748292E+01,9.364396E+02,2.146599E+03,1.019997E-01,4.004365E+01,0.000000E+00,0.000000E+00,0.000000E+00,0.000000E+00,0.000000E+00,0.000000E+00,0.000000E+00,0.000000E+00,1.699666E+01,6.194720E+01,1.805416E+01,6.576344E+01,7.834059E+02,1.315613E+03,8.533895E-02,2.927112E+01,0.000000E+00,0.000000E+00,0.000000E+00,0.000000E+00,0.000000E+00,0.000000E+00,0.000000E+00,0.000000E+00,1.699752E+01,6.272273E+01,1.804448E+01,6.577443E+01
16:00:00,2.418852E+03,6.819720E+03,1.824031E-01,3.345600E+00,0.000000E+00,0.000000E+00,0.000000E+00,0.000000E+00,0.000000E+00,0.000000E+00,0.000000E+00,0.000000E+00,1.699532E+01,6.103120E+01,1.799719E+01,6.713581E+01,4.607513E+03,9.461669E+03,3.011404E-01,4.640644E+00,0.000000E+00,0.000000E+00,0.000000E+00,0.000000E+00,0.000000E+00,0.000000E+00,0.000000E+00,0.000000E+00,1.699555E+01,6.177344E+01,1.799764E+01,6.712539E+01,1.590220E+03,4.675271E+03,1.417171E-01,1.146596E+00,0.000000E+00,0.000000E+00,0.000000E+00,0.000000E+00,0.000000E+00,0.000000E+00,0.000000E+00,0.000000E+00,1.699582E+01,6.279209E+01,1.799506E+01,6.737472E+01,9.364644E+02,2.195010E+03,1.020024E-01,4.123076E+01,0.000000E+00,0.000000E+00,0.000000E+00,0.000000E+00,0.000000E+00,0.000000E+00,0.000000E+00,0.000000E+00,1.699666E+01,6.194361E+01,1.805380E+01,6.576300E+01,7.834247E+02,1.361138E+03,8.534102E-02,3.056448E+01,0.000000E+00,0.000000E+00,0.000000E+00,0.000000E+00,0.000000E+00,0.000000E+00,0.000000E+00,0.000000E+00,1.699752E+01,6.271798E+01,1.804412E+01,6.577454E+01
17:00:00,2.418944E+03,6.872577E+03,1.824101E-01,3.371597E+00,0.000000E+00,0.000000E+00,0.000000E+00,0.000000E+00,0.000000E+00,0.000000E+00,0.000000E+00,0.000000E+00,1.699532E+01,6.102961E+01,1.799715E+01,6.710521E+01,4.607617E+03,9.541896E+03,3.011471E-01,4.680069E+00,0.000000E+00,0.000000E+00,0.000000E+00,0.000000E+00,0.000000E+00,0.000000E+00,0.000000E+00,0.000000E+00,1.699554E+01,6.177356E+01,1.799760E+01,6.709205E+01,1.590263E+03,4.746541E+03,1.417210E-01,1.164075E+00,0.000000E+00,0.000000E+00,0.000000E+00,0.000000E+00,0.000000E+00,0.000000E+00,0.000000E+00,0.000000E+00,1.699582E+01,6.279287E+01,1.799506E+01,6.729832E+01,9.364968E+02,2.217530E+03,1.020059E-01,4.193123E+01,0.000000E+00,0.000000E+00,0.000000E+00,0.000000E+00,0.000000E+00,0.000000E+00,0.000000E+00,0.000000E+00,1.699666E+01,6.194381E+01,1.805344E+01,6.576291E+01,7.834504E+02,1.382030E+03,8.534381E-02,3.129852E+01,0.000000E+00,0.000000E+00,0.000000E+00,0.000000E+00,0.000000E+00,0.000000E+00,0.000000E+00,0.000000E+00,1.699752E+01,6.271701E+01,1.804376E+01,6.577490E+01
18:00:00,2.419045E+03,6.692721E+03,1.824177E-01,3.283393E+00,0.000000E+00,0.000000E+00,0.000000E+00,0.000000E+00,0.000000E+00,0.000000E+00,0.000000E+00,0.000000E+00,1.699532E+01,6.103068E+01,1.799713E+01,6.709623E+01,4.607741E+03,9.331083E+03,3.011552E-01,4.576700E+00,0.000000E+00,0.000000E+00,0.000000E+00,0.000000E+00,0.000000E+00,0.000000E+00,0.000000E+00,0.000000E+00,1.699554E+01,6.177465E+01,1.799759E+01,6.708234E+01,1.590311E+03,4.551322E+03,1.417252E-01,1.116181E+00,0.000000E+00,0.000000E+00,0.000000E+00,0.000000E+00,0.000000E+00,0.000000E+00,0.000000E+00,0.000000E+00,1.699582E+01,6.279311E+01,1.799512E+01,6.727725E+01,9.365338E+02,2.199806E+03,1.020100E-01,4.185725E+01,0.000000E+00,0.000000E+00,0.000000E+00,0.000000E+00,0.000000E+00,0.000000E+00,0.000000E+00,0.000000E+00,1.699666E+01,6.194466E+01,1.805309E+01,6.576350E+01,7.834803E+02,1.364768E+03,8.534706E-02,3.114344E+01,0.000000E+00,0.000000E+00,0.000000E+00,0.000000E+00,0.000000E+00,0.000000E+00,0.000000E+00,0.000000E+00,1.699752E+01,6.271784E+01,1.804341E+01,6.577577E+01
19:00:00,4.058725E+03,6.330747E+03,3.060642E-01,3.105810E+00,0.000000E+00,0.000000E+00,0.000000E+00,0.000000E+00,0.000000E+00,0.000000E+00,0.000000E+00,0.000000E+00,1.699532E+01,6.103149E+01,1.799713E+01,6.712639E+01,6.887599E+03,8.811366E+03,4.501634E-01,4.321782E+00,0.000000E+00,0.000000E+00,0.000000E+00,0.000000E+00,0.000000E+00,0.000000E+00,0.000000E+00,0.000000E+00,1.699554E+01,6.177496E+01,1.799759E+01,6.710754E+01,2.397578E+03,4.097859E+03,2.136671E-01,1.004944E+00,0.000000E+00,0.000000E+00,0.000000E+00,0.000000E+00,0.000000E+00,0.000000E+00,0.000000E+00,0.000000E+00,1.699582E+01,6.279311E+01,1.799523E+01,6.733190E+01,1.675503E+03,2.136610E+03,1.825006E-01,4.089186E+01,0.000000E+00,0.000000E+00,0.000000E+00,0.000000E+00,0.000000E+00,0.000000E+00,0.000000E+00,0.000000E+00,1.699666E+01,6.194495E+01,1.805274E+01,6.576507E+01,1.280101E+03,1.304999E+03,1.394455E-01,2.997718E+01,0.000000E+00,0.000000E+00,0.000000E+00,0.000000E+00,0.000000E+00,0.000000E+00,0.000000E+00,0.000000E+00,1.699752E+01,6.271836E+01,1.804306E+01,6.577737E+01
20:00:00,4.059149E+03,6.060324E+03,3.060570E-01,2.973133E+00,0.000000E+00,0.000000E+00,0.000000E+00,0.000000E+00,0.000000E+00,0.000000E+00,0.000000E+00,0.000000E+00,1.699365E+01,5.665547E+01,1.799714E+01,6.719357E+01,6.888093E+03,8.273912E+03,4.501596E-01,4.058144E+00,0.000000E+00,0.000000E+00,0.000000E+00,0.000000E+00,0.000000E+00,0.000000E+00,0.000000E+00,0.000000E+00,1.699434E+01,5.708194E+01,1.799761E+01,6.717557E+01,2.397744E+03,3.645578E+03,2.136642E-01,8.939996E-01,0.000000E+00,0.000000E+00,0.000000E+00,0.000000E+00,0.000000E+00,0.000000E+00,0.000000E+00,0.000000E+00,1.699491E+01,5.876436E+01,1.799536E+01,6.748129E+01,1.675626E+03,2.065869E+03,1.824882E-01,3.976670E+01,0.000000E+00,0.000000E+00,0.000000E+00,0.000000E+00,0.000000E+00,0.000000E+00,0.000000E+00,0.000000E+00,1.699539E+01,5.838168E+01,1.805239E+01,6.576783E+01,1.280189E+03,1.237473E+03,1.394422E-01,2.861030E+01,0.000000E+00,0.000000E+00,0.000000E+00,0.000000E+00,0.000000E+00,0.000000E+00,0.000000E+00,0.000000E+00,1.699668E+01,5.944629E+01,1.804271E+01,6.577988E+01
21:00:00,4.060251E+03,5.930654E+03,3.060305E-01,2.909541E+00,0.000000E+00,0.000000E+00,0.000000E+00,0.000000E+00,0.000000E+00,0.000000E+00,0.000000E+00,0.000000E+00,1.698900E+01,5.503373E+01,1.799712E+01,6.725052E+01,6.889810E+03,8.009943E+03,4.501220E-01,3.928669E+00,0.000000E+00,0.000000E+00,0.000000E+00,0.000000E+00,0.000000E+00,0.000000E+00,0.000000E+00,0.000000E+00,1.698935E+01,5.548516E+01,1.799761E+01,6.725601E+01,2.398202E+03,3.437478E+03,2.136195E-01,8.429559E-01,0.000000E+00,0.000000E+00,0.000000E+00,0.000000E+00,0.000000E+00,0.000000E+00,0.000000E+00,0.000000E+00,1.699050E+01,5.780037E+01,1.799542E+01,6.767031E+01,1.676003E+03,2.028073E+03,1.824625E-01,3.927669E+01,0.000000E+00,0.000000E+00,0.000000E+00,0.000000E+00,0.000000E+00,0.000000E+00,0.000000E+00,0.000000E+00,1.699210E+01,5.731183E+01,1.805203E+01,6.577085E+01,1.280508E+03,1.201188E+03,1.394364E-01,2.797407E+01,0.000000E+00,0.000000E+00,0.000000E+00,0.000000E+00,0.000000E+00,0.000000E+00,0.000000E+00,0.000000E+00,1.699407E+01,5.820835E+01,1.804235E+01,6.578266E+01
22:00:00,4.060964E+03,5.850657E+03,3.060126E-01,2.870347E+00,0.000000E+00,0.000000E+00,0.000000E+00,0.000000E+00,0.000000E+00,0.000000E+00,0.000000E+00,0.000000E+00,1.698595E+01,5.525152E+01,1.799709E+01,6.727994E+01,6.891039E+03,7.861771E+03,4.501102E-01,3.856046E+00,0.000000E+00,0.000000E+00,0.000000E+00,0.000000E+00,0.000000E+00,0.000000E+00,0.000000E+00,0.000000E+00,1.698627E+01,5.574881E+01,1.799758E+01,6.730086E+01,2.398519E+03,3.337669E+03,2.135936E-01,8.185013E-01,0.000000E+00,0.000000E+00,0.000000E+00,0.000000E+00,0.000000E+00,0.000000E+00,0.000000E+00,0.000000E+00,1.698771E+01,5.806166E+01,1.799531E+01,6.777898E+01,1.676262E+03,2.004051E+03,1.824476E-01,3.904984E+01,0.000000E+00,0.000000E+00,0.000000E+00,0.000000E+00,0.000000E+00,0.000000E+00,0.000000E+00,0.000000E+00,1.698996E+01,5.753210E+01,1.805168E+01,6.577180E+01,1.280727E+03,1.178731E+03,1.394323E-01,2.765991E+01,0.000000E+00,0.000000E+00,0.000000E+00,0.000000E+00,0.000000E+00,0.000000E+00,0.000000E+00,0.000000E+00,1.699226E+01,5.836394E+01,1.804199E+01,6.578368E+01
23:00:00,4.061535E+03,3.919703E+03,3.060369E-01,1.923054E+00,0.000000E+00,0.000000E+00,0.000000E+00,0.000000E+00,0.000000E+00,0.000000E+00,0.000000E+00,0.000000E+00,1.698515E+01,5.545523E+01,1.799705E+01,6.729837E+01,6.892138E+03,5.170605E+03,4.501622E-01,2.536125E+00,0.000000E+00,0.000000E+00,0.000000E+00,0.000000E+00,0.000000E+00,0.000000E+00,0.000000E+00,0.000000E+00,1.698562E+01,5.593564E+01,1.799755E+01,6.732656E+01,2.398814E+03,2.595031E+03,2.136027E-01,6.364072E-01,0.000000E+00,0.000000E+00,0.000000E+00,0.000000E+00,0.000000E+00,0.000000E+00,0.000000E+00,0.000000E+00,1.698683E+01,5.813534E+01,1.799516E+01,6.783394E+01,1.676498E+03,1.130080E+03,1.824597E-01,2.095197E+01,0.000000E+00,0.000000E+00,0.000000E+00,0.000000E+00,0.000000E+00,0.000000E+00,0.000000E+00,0.000000E+00,1.698930E+01,5.764212E+01,1.805134E+01,6.577211E+01,1.280923E+03,9.680076E+02,1.394453E-01,2.211313E+01,0.000000E+00,0.000000E+00,0.000000E+00,0.000000E+00,0.000000E+00,0.000000E+00,0.000000E+00,0.000000E+00,1.699172E+01,5.852132E+01,1.804163E+01,6.578412E+01
24:00:00,4.062039E+03,3.681362E+03,3.060732E-01,1.805905E+00,0.000000E+00,0.000000E+00,0.000000E+00,0.000000E+00,0.000000E+00,0.000000E+00,0.000000E+00,0.000000E+00,1.698508E+01,5.542432E+01,1.799729E+01,6.686836E+01,6.893072E+03,4.797468E+03,4.502228E-01,2.352827E+00,0.000000E+00,0.000000E+00,0.000000E+00,0.000000E+00,0.000000E+00,0.000000E+00,0.000000E+00,0.000000E+00,1.698560E+01,5.589474E+01,1.799779E+01,6.691129E+01,2.399071E+03,2.465956E+03,2.136200E-01,6.047105E-01,0.000000E+00,0.000000E+00,0.000000E+00,0.000000E+00,0.000000E+00,0.000000E+00,0.000000E+00,0.000000E+00,1.698654E+01,5.809679E+01,1.799544E+01,6.727932E+01,1.676712E+03,1.026384E+03,1.824795E-01,1.912214E+01,0.000000E+00,0.000000E+00,0.000000E+00,0.000000E+00,0.000000E+00,0.000000E+00,0.000000E+00,0.000000E+00,1.698912E+01,5.760712E+01,1.805068E+01,6.583277E+01,1.281104E+03,8.788178E+02,1.394638E-01,2.015517E+01,0.000000E+00,0.000000E+00,0.000000E+00,0.000000E+00,0.000000E+00,0.000000E+00,0.000000E+00,0.000000E+00,1.699164E+01,5.850011E+01,1.804118E+01,6.582969E+01
Peak,4.062039E+03,6.872577E+03,3.060732E-01,3.371597E+00,0.000000E+00,0.000000E+00,0.000000E+00,0.000000E+00,0.000000E+00,0.000000E+00,0.000000E+00,0.000000E+00,,,,,6.893072E+03,9.541896E+03,4.502228E-01,4.680069E+00,0.000000E+00,0.000000E+00,0.000000E+00,0.000000E+00,0.000000E+00,0.000000E+00,0.000000E+00,0.000000E+00,,,,,2.399071E+03,4.746541E+03,2.136200E-01,1.164075E+00,0.000000E+00,0.000000E+00,0.000000E+00,0.000000E+00,0.000000E+00,0.000000E+00,0.000000E+00,0.000000E+00,,,,,1.676712E+03,2.217530E+03,1.824795E-01,4.193123E+01,0.000000E+00,0.000000E+00,0.000000E+00,0.000000E+00,0.000000E+00,0.000000E+00,0.000000E+00,0.000000E+00,,,,,1.281104E+03,1.382030E+03,1.394638E-01,3.129852E+01,0.000000E+00,0.000000E+00,0.000000E+00,0.000000E+00,0.000000E+00,0.000000E+00,0.000000E+00,0.000000E+00,,,,

Peak Vol Flow (m3/s),,,2.550937E-01,2.810024E+00,,,0.000000E+00,0.000000E+00,,,,,,,,,,,3.752337E-01,3.900558E+00,,,0.000000E+00,0.000000E+00,,,,,,,,,,,1.780395E-01,9.701868E-01,,,0.000000E+00,0.000000E+00,,,,,,,,,,,1.520857E-01,3.494716E+01,,,0.000000E+00,0.000000E+00,,,,,,,,,,,1.162347E-01,2.608544E+01,,,0.000000E+00,0.000000E+00,,,,,,,,
